Card ID,Name,List,Labels,Priority,Depends On,Expected Result,Initial Status
S1-01,"Auditoría general del repositorio","✅ TERMINADO","DESARROLLO;SEGURIDAD;BASE DE DATOS",P0,,"Inventario Android, Website, backend, datos, duplicados e integraciones","Completado: docs/audit/DATA_SOURCE_MAP.md"
S1-02,"Reorganización de carpetas","🔵 SPRINT 1 — FUNDAMENTOS","DESARROLLO",P1,S1-01,"Android y Website claramente separados sin romper rutas","Pendiente"
S1-03,"README técnico maestro","🔵 SPRINT 1 — FUNDAMENTOS","DESARROLLO;INFRAESTRUCTURA",P1,"S1-02;S1-04;S1-11","Stack, instalación, ejecución y arquitectura reproducibles","Pendiente"
S1-04,"Arquitectura BAQUEANO","🔵 SPRINT 1 — FUNDAMENTOS","DESARROLLO;BASE DE DATOS;INFRAESTRUCTURA",P0,S1-01,"Firebase identidad, Supabase información, Hostinger dominio","En progreso"
S1-05,"Modelo ER Supabase","🔵 SPRINT 1 — FUNDAMENTOS","BASE DE DATOS;SEGURIDAD",P0,"S1-01;S1-04","Modelo normalizado, relaciones, RLS y fuentes","En progreso"
S1-06,"Firebase Authentication","🔵 SPRINT 1 — FUNDAMENTOS","DESARROLLO;SEGURIDAD;WEBSITE;ANDROID",P0,S1-04,"Registro, Google Login, sesión y logout verificados","En progreso"
S1-07,"Roles y permisos","🔵 SPRINT 1 — FUNDAMENTOS","SEGURIDAD;BASE DE DATOS",P0,"S1-05;S1-06","Admin, usuario y auditor con matriz permitida/denegada","Pendiente"
S1-08,"Interfaces navegables","🔵 SPRINT 1 — FUNDAMENTOS","WEBSITE;ANDROID;DISEÑO",P1,S1-01,"Navegación sin enlaces críticos muertos","Pendiente"
S1-09,"Formularios funcionales","🔵 SPRINT 1 — FUNDAMENTOS","WEBSITE;ANDROID;SEGURIDAD",P1,"S1-05;S1-06","Validación y envío real con manejo de errores","Pendiente"
S1-10,"Git y control de versiones","🔵 SPRINT 1 — FUNDAMENTOS","DESARROLLO",P1,S1-01,"Convención de commits, ramas y sincronización documentada","Pendiente"
S1-11,"Ejecución local","🔵 SPRINT 1 — FUNDAMENTOS","DESARROLLO;WEBSITE;ANDROID",P0,S1-01,"Website y Android reproducibles sin errores críticos","Pendiente de verificación"
S1-12,"Video de navegación inicial","🔵 SPRINT 1 — FUNDAMENTOS","WEBSITE;ANDROID",P2,"S1-08;S1-11","Evidencia audiovisual del estado inicial","Pendiente"
S1-13,"Lean Canvas","🔵 SPRINT 1 — FUNDAMENTOS","MARKETING",P1,S1-04,"Nueve bloques completos alineados con 4C","Pendiente"
S1-14,"Buyer Persona","🔵 SPRINT 1 — FUNDAMENTOS","MARKETING;TURISMO",P1,S1-13,"Perfil principal y anfitrión secundario verificables","Pendiente"
S1-15,"Propuesta de valor","🔵 SPRINT 1 — FUNDAMENTOS","MARKETING;TURISMO",P1,"S1-13;S1-14","Diferenciación y beneficios medibles","Pendiente"
S1-16,"Objetivos SMART","🔵 SPRINT 1 — FUNDAMENTOS","MARKETING",P1,"S1-13;S1-15","Tres o más objetivos medibles y fechados","Pendiente"
S1-17,"Branding BAQUEANO","🔵 SPRINT 1 — FUNDAMENTOS","MARKETING;DISEÑO",P1,S1-15,"Concepto, misión, visión y arquetipo","Pendiente"
S1-18,"Manual de marca","🔵 SPRINT 1 — FUNDAMENTOS","DISEÑO",P1,S1-17,"Logo, colores, tipografía, usos y accesibilidad","Pendiente"
S1-19,"Moodboard","🔵 SPRINT 1 — FUNDAMENTOS","DISEÑO",P2,"S1-17;S1-18","Dirección visual coherente con BAQUEANO","Pendiente"
S1-20,"Wireframes Website y Android","🔵 SPRINT 1 — FUNDAMENTOS","DISEÑO;WEBSITE;ANDROID",P1,"S1-08;S1-14;S1-18","Flujos responsive de baja fidelidad","Pendiente"
S2-01,"Supabase producción","🟠 SPRINT 2 — INTEGRACIÓN","BASE DE DATOS;SEGURIDAD;INFRAESTRUCTURA",P0,"S1-05;S1-07","Base operativa, RLS, backups y verificación","Pendiente"
S2-02,"Website a Supabase","🟠 SPRINT 2 — INTEGRACIÓN","WEBSITE;BASE DE DATOS",P0,S2-01,"Lectura y escritura dinámica sin Firestore como autoridad","Pendiente"
S2-03,"Firebase Auth a Supabase","🟠 SPRINT 2 — INTEGRACIÓN","SEGURIDAD;BASE DE DATOS",P0,"S1-06;S2-01","Firebase UID sincronizado con profiles","Pendiente"
S2-04,"Ops Center CRUD","🟠 SPRINT 2 — INTEGRACIÓN","WEBSITE;BASE DE DATOS;SEGURIDAD",P0,"S2-01;S2-03","CRUD, verificar, publicar, archivar y restaurar","Pendiente"
S2-05,"Catálogo turístico normalizado","🟠 SPRINT 2 — INTEGRACIÓN","TURISMO;BASE DE DATOS",P0,"S2-01;S2-04","Contenido canónico con fuentes y estados","Pendiente"
S2-06,"Departamentos dinámicos","🟠 SPRINT 2 — INTEGRACIÓN","WEBSITE;TURISMO;BASE DE DATOS",P1,"S2-02;S2-05","Páginas alimentadas por Supabase","Pendiente"
S2-07,"Municipios dinámicos","🟠 SPRINT 2 — INTEGRACIÓN","WEBSITE;TURISMO;BASE DE DATOS",P1,"S2-02;S2-05","153 municipios preparados para datos dinámicos","Pendiente"
S2-08,"Mapa turístico","🟠 SPRINT 2 — INTEGRACIÓN","WEBSITE;TURISMO;BASE DE DATOS",P1,"S2-02;S2-05","POI reales y geografía validada","Pendiente"
S2-09,"Buscador global","🟠 SPRINT 2 — INTEGRACIÓN","WEBSITE;TURISMO",P1,"S2-02;S2-05","Búsqueda unificada sobre datos publicados","Pendiente"
S2-10,"BAQUI integrado","🟠 SPRINT 2 — INTEGRACIÓN","IA / BAQUI;BASE DE DATOS;TURISMO",P0,"S2-01;S2-05","RAG con conocimiento y fuentes Supabase","Pendiente"
S2-11,"Mi Viaje","🟠 SPRINT 2 — INTEGRACIÓN","WEBSITE;ANDROID;BASE DE DATOS",P1,"S2-02;S2-03;S2-05","Planificador sincronizado entre dispositivos","Pendiente"
S2-12,"Emergencias","🟠 SPRINT 2 — INTEGRACIÓN","TURISMO;SEGURIDAD;BASE DE DATOS",P0,"S2-02;S2-05","Servicios cercanos únicamente verificados","Pendiente"
S2-13,"Build Website","🟠 SPRINT 2 — INTEGRACIÓN","WEBSITE;INFRAESTRUCTURA",P0,"S2-02;S2-06;S2-09","Build reproducible de producción","Pendiente"
S2-14,"APK Android","🟠 SPRINT 2 — INTEGRACIÓN","ANDROID;INFRAESTRUCTURA",P0,"S1-11;S2-03;S2-11","APK instalable, estable y trazable","Pendiente"
S2-15,"Cumplimiento Azure Hackathon","🟠 SPRINT 2 — INTEGRACIÓN","INFRAESTRUCTURA;SEGURIDAD",P1,S1-03,"Evidencia Azure mínima sin sustituir arquitectura","Pendiente"
S2-16,"Dominio Hostinger","🟠 SPRINT 2 — INTEGRACIÓN","INFRAESTRUCTURA;WEBSITE",P0,S2-13,"baqueanonicaragua.com preparado con DNS/SSL","Pendiente"
S2-17,"Campaña de lanzamiento","🟠 SPRINT 2 — INTEGRACIÓN","MARKETING",P1,"S1-13;S1-16","Estrategia de lanzamiento basada en 4C","Pendiente"
S2-18,"Segmentación","🟠 SPRINT 2 — INTEGRACIÓN","MARKETING;TURISMO",P1,S1-14,"Audiencias y criterios de segmentación","Pendiente"
S2-19,"Plan de lanzamiento de dos meses","🟠 SPRINT 2 — INTEGRACIÓN","MARKETING",P1,"S2-17;S2-18","Fases, responsables, KPI y presupuesto","Pendiente"
S2-20,"Estrategia de crecimiento","🟠 SPRINT 2 — INTEGRACIÓN","MARKETING",P1,S2-19,"Pilotaje, aprendizaje y expansión","Pendiente"
S2-21,"Canales","🟠 SPRINT 2 — INTEGRACIÓN","MARKETING",P1,"S2-18;S2-20","Mapa Social, Website y Android por audiencia","Pendiente"
S2-22,"Calendario de contenido","🟠 SPRINT 2 — INTEGRACIÓN","MARKETING",P2,"S2-19;S2-21","Calendario de ocho semanas con KPI","Pendiente"
S2-23,"UI Design System","🟠 SPRINT 2 — INTEGRACIÓN","DISEÑO;WEBSITE;ANDROID",P1,"S1-18;S1-20","Tokens y componentes reutilizables","Pendiente"
S2-24,"UX Flow actualizado","🟠 SPRINT 2 — INTEGRACIÓN","DISEÑO;WEBSITE;ANDROID",P1,"S1-20;S2-02;S2-11","Flujo completo actualizado","Pendiente"
S2-25,"Kit de assets","🟠 SPRINT 2 — INTEGRACIÓN","DISEÑO",P2,"S1-18;S2-23","SVG, PNG y WebP optimizados y documentados","Pendiente"
S2-26,"Accesibilidad","🟠 SPRINT 2 — INTEGRACIÓN","DISEÑO;WEBSITE;ANDROID",P0,"S2-23;S2-24","Base WCAG con teclado, contraste y lectores","Pendiente"
S3-01,"Dominio de producción","🟢 SPRINT 3 — PRODUCCIÓN","INFRAESTRUCTURA;WEBSITE",P0,S2-16,"Dominio oficial sirviendo Website","Pendiente"
S3-02,"HTTPS, SSL y DNS","🟢 SPRINT 3 — PRODUCCIÓN","INFRAESTRUCTURA;SEGURIDAD",P0,S3-01,"HTTPS válido, apex canónico y www redirigido","Pendiente"
S3-03,"Firebase URL de respaldo","🟢 SPRINT 3 — PRODUCCIÓN","INFRAESTRUCTURA;WEBSITE",P1,S2-13,"app-baqueano.web.app operativo y no canónico","Pendiente"
S3-04,"Seguridad final OWASP","🟢 SPRINT 3 — PRODUCCIÓN","SEGURIDAD;WEBSITE;ANDROID",P0,"S2-02;S2-03;S2-04","Hallazgos críticos resueltos y documentados","Pendiente"
S3-05,"Supabase RLS","🟢 SPRINT 3 — PRODUCCIÓN","SEGURIDAD;BASE DE DATOS",P0,"S2-01;S2-03;S2-04","Políticas y pruebas negativas por tabla","Pendiente"
S3-06,"RBAC real","🟢 SPRINT 3 — PRODUCCIÓN","SEGURIDAD;BASE DE DATOS",P0,"S1-07;S2-03;S3-05","Roles efectivos sin autoelevación","Pendiente"
S3-07,"Flujo usuario E2E","🟢 SPRINT 3 — PRODUCCIÓN","WEBSITE;ANDROID;QA",P0,"S2-06;S2-08;S2-09;S2-10;S2-11;S2-12","Flujo central sin intervención técnica","Pendiente"
S3-08,"Integración final de base de datos","🟢 SPRINT 3 — PRODUCCIÓN","BASE DE DATOS;WEBSITE;ANDROID",P0,"S2-02;S2-04;S3-05","CRUD real y Supabase como autoridad única","Pendiente"
S3-09,"Android final","🟢 SPRINT 3 — PRODUCCIÓN","ANDROID;QA",P0,"S2-14;S3-04;S3-08","APK estable y analizado","Pendiente"
S3-10,"Website final","🟢 SPRINT 3 — PRODUCCIÓN","WEBSITE;QA",P0,"S3-02;S3-04;S3-07;S3-08;S3-13;S3-14;S3-16;S3-17","Website público verificado","Pendiente"
S3-11,"BAQUI final","🟢 SPRINT 3 — PRODUCCIÓN","IA / BAQUI;TURISMO;QA",P0,"S2-10;S3-08","Guía turística con fuentes y límites claros","Pendiente"
S3-12,"PWA y offline","🟢 SPRINT 3 — PRODUCCIÓN","WEBSITE;ANDROID",P1,S3-08,"Experiencia útil con conectividad limitada","Pendiente"
S3-13,"Performance","🟢 SPRINT 3 — PRODUCCIÓN","WEBSITE;ANDROID;QA",P1,"S3-08;S3-12","Presupuestos de rendimiento y Lighthouse","Pendiente"
S3-14,"SEO nacional e internacional","🟢 SPRINT 3 — PRODUCCIÓN","WEBSITE;MARKETING",P1,"S3-01;S3-02;S3-08","Canonical, metadata, sitemap y contenido indexable","Pendiente"
S3-15,"Internacionalización en seis idiomas","🟢 SPRINT 3 — PRODUCCIÓN","WEBSITE;ANDROID;DISEÑO",P1,"S3-08;S2-23","Interfaz y contenido con fallback controlado","Pendiente"
S3-16,"Accesibilidad WCAG AA","🟢 SPRINT 3 — PRODUCCIÓN","DISEÑO;WEBSITE;ANDROID;QA",P0,"S2-26;S3-08","Conformidad AA verificada","Pendiente"
S3-17,"Testing E2E Playwright","🟢 SPRINT 3 — PRODUCCIÓN","QA;WEBSITE",P0,S3-07,"Suite E2E estable para flujo principal","Pendiente"
S3-18,"GitHub final","🟢 SPRINT 3 — PRODUCCIÓN","DESARROLLO;INFRAESTRUCTURA",P0,"S3-09;S3-10;S3-17","main coincide con producción autorizada","Pendiente"
S3-19,"README de despliegue","🟢 SPRINT 3 — PRODUCCIÓN","DESARROLLO;INFRAESTRUCTURA",P1,"S3-02;S3-03;S3-18","Despliegue, rollback y recuperación reproducibles","Pendiente"
S3-20,"Video final","🟢 SPRINT 3 — PRODUCCIÓN","MARKETING;DISEÑO;WEBSITE;ANDROID",P1,"S3-09;S3-10;S3-11","Demostración completa y verificable","Pendiente"
S3-21,"Brief creativo","🟢 SPRINT 3 — PRODUCCIÓN","MARKETING;DISEÑO",P1,"S1-17;S2-17","Brief alineado con 4C y producto real","Pendiente"
S3-22,"Canales por etapa","🟢 SPRINT 3 — PRODUCCIÓN","MARKETING",P1,"S2-21;S3-21","Canales para pilotaje y crecimiento","Pendiente"
S3-23,"Riesgos y contingencias","🟢 SPRINT 3 — PRODUCCIÓN","MARKETING;INFRAESTRUCTURA;SEGURIDAD",P0,"S2-19;S3-04","Cinco o más riesgos con respuesta","Pendiente"
S3-24,"Piezas de campaña","🟢 SPRINT 3 — PRODUCCIÓN","MARKETING;DISEÑO",P2,"S3-21;S3-22","Material final por canal","Pendiente"
S3-25,"Adaptación visual","🟢 SPRINT 3 — PRODUCCIÓN","DISEÑO;MARKETING;WEBSITE;ANDROID",P2,"S2-23;S2-25;S3-24","Variantes coherentes para redes, app y web","Pendiente"
S3-26,"Pitch y demo","🟢 SPRINT 3 — PRODUCCIÓN","MARKETING;DISEÑO;DESARROLLO",P0,"S3-18;S3-20;S3-23;S3-24","Presentación nacional con demo y contingencia","Pendiente"
