Sumate a la comunidad BAQUEANO	Join the BAQUEANO community	Rejoignez la communauté BAQUEANO	Unisciti alla comunità BAQUEANO	Junte-se à comunidade BAQUEANO	Werden Sie Teil der BAQUEANO-Gemeinschaft
Ver más historias	See more stories	Voir plus d'histoires	Vedi altre storie	Ver mais histórias	Weitere Geschichten ansehen
¿Por qué BAQUEANO?	Why BAQUEANO?	Pourquoi BAQUEANO ?	Perché BAQUEANO?	Por que o BAQUEANO?	Warum BAQUEANO?
¿Qué querés vivir en Nicaragua?	What do you want to experience in Nicaragua?	Que voulez-vous vivre au Nicaragua ?	Cosa vuoi vivere in Nicaragua?	O que você quer viver na Nicarágua?	Was möchten Sie in Nicaragua erleben?
¿Tenés un negocio turístico? Formá parte de nuestra red de anfitriones.	Do you have a tourism business? Join our network of hosts.	Vous avez une entreprise touristique ? Rejoignez notre réseau d'hôtes.	Hai un'attività turistica? Entra a far parte della nostra rete di host.	Você tem um negócio turístico? Faça parte da nossa rede de anfitriões.	Haben Sie ein Tourismusunternehmen? Werden Sie Teil unseres Gastgebernetzwerks.
🏖️ Quiero playa	🏖️ I want a beach	🏖️ Je veux une plage	🏖️ Voglio la spiaggia	🏖️ Quero praia	🏖️ Ich möchte Strand
0% intermediación · Más oportunidades	0% intermediaries · More opportunities	0 % d'intermédiaires · Plus d'opportunités	0% intermediari · Più opportunità	0% de intermediários · Mais oportunidades	0 % Zwischenhändler · Mehr Chancen
Acercar mapa	Zoom map in	Zoomer sur la carte	Ingrandisci la mappa	Aproximar mapa	Karte vergrößern
Alejar mapa	Zoom map out	Dézoomer la carte	Riduci la mappa	Afastar mapa	Karte verkleinern
Activar descubrimiento de lugares ocultos	Turn on hidden places discovery	Activer la découverte des lieux cachés	Attiva la scoperta dei luoghi nascosti	Ativar descoberta de lugares ocultos	Entdeckung versteckter Orte aktivieren
Activar modo Lo que no sale en el mapa	Turn on the "Off the map" mode	Activer le mode « Hors de la carte »	Attiva la modalità "Fuori dalla mappa"	Ativar o modo "Fora do mapa"	Modus „Abseits der Karte“ aktivieren
Adrenalina y paisajes únicos	Adrenaline and unique landscapes	Adrénaline et paysages uniques	Adrenalina e paesaggi unici	Adrenalina e paisagens únicas	Adrenalin und einzigartige Landschaften
Algo diferente	Something different	Quelque chose de différent	Qualcosa di diverso	Algo diferente	Etwas Anderes
Apoyo local	Local support	Soutien local	Sostegno locale	Apoio local	Lokale Unterstützung
Aventura en Volcanes	Volcano Adventure	Aventure sur les volcans	Avventura sui vulcani	Aventura em vulcões	Abenteuer an den Vulkanen
Categorías principales de viaje	Main travel categories	Principales catégories de voyage	Principali categorie di viaggio	Principais categorias de viagem	Hauptkategorien für Reisen
Centro de Auxilio SOS & GPS 24/7	SOS Help Center & GPS 24/7	Centre d'aide SOS et GPS 24 h/24	Centro di aiuto SOS e GPS 24/7	Centro de ajuda SOS e GPS 24/7	SOS-Hilfezentrum & GPS rund um die Uhr
Cerrar video	Close video	Fermer la vidéo	Chiudi il video	Fechar vídeo	Video schließen
Colección de fotos del destino	Photo collection of the destination	Collection de photos de la destination	Raccolta di foto della destinazione	Coleção de fotos do destino	Fotosammlung des Reiseziels
COMUNIDAD	COMMUNITY	COMMUNAUTÉ	COMUNITÀ	COMUNIDADE	GEMEINSCHAFT
Comunidades Vivas de Nicaragua	Living Communities of Nicaragua	Communautés vivantes du Nicaragua	Comunità vive del Nicaragua	Comunidades vivas da Nicarágua	Lebendige Gemeinden Nicaraguas
¿No sabés dónde ir?	Not sure where to go?	Vous ne savez pas où aller ?	Non sai dove andare?	Não sabe aonde ir?	Sie wissen nicht, wohin?
+ Mi viaje	+ My trip	+ Mon voyage	+ Il mio viaggio	+ Minha viagem	+ Meine Reise
⏱️ Tengo solo un día	⏱️ I only have one day	⏱️ Je n'ai qu'une journée	⏱️ Ho solo un giorno	⏱️ Tenho só um dia	⏱️ Ich habe nur einen Tag
🍃 Quiero naturaleza	🍃 I want nature	🍃 Je veux de la nature	🍃 Voglio natura	🍃 Quero natureza	🍃 Ich möchte Natur
💵 Tengo C$1,500	💵 I have C$1,500	💵 J'ai 1 500 C$	💵 Ho C$1.500	💵 Tenho C$1.500	💵 Ich habe C$1.500
Ambos	Both	Les deux	Entrambi	Ambos	Beides
Buscar destinos, experiencias, negocios...	Search destinations, experiences, businesses...	Rechercher destinations, expériences, entreprises...	Cerca destinazioni, esperienze, attività...	Busque destinos, experiências, negócios...	Reiseziele, Erlebnisse, Unternehmen suchen...
Contame qué buscás y Baqueano Digital encuentra los mejores destinos para vos.	Tell me what you're looking for and Baqueano Digital finds the best destinations for you.	Dites-moi ce que vous cherchez et Baqueano Digital trouve les meilleures destinations pour vous.	Dimmi cosa cerchi e Baqueano Digital trova le migliori destinazioni per te.	Conte-me o que você procura e o Baqueano Digital encontra os melhores destinos para você.	Sagen Sie mir, was Sie suchen, und Baqueano Digital findet die besten Reiseziele für Sie.
Descubrí tu próxima aventura	Discover your next adventure	Découvrez votre prochaine aventure	Scopri la tua prossima avventura	Descubra sua próxima aventura	Entdecken Sie Ihr nächstes Abenteuer
Destinos de Nicaragua	Destinations in Nicaragua	Destinations du Nicaragua	Destinazioni del Nicaragua	Destinos da Nicarágua	Reiseziele in Nicaragua
Destinos destacados	Featured destinations	Destinations à la une	Destinazioni in evidenza	Destinos em destaque	Empfohlene Reiseziele
Filtro de categorías	Category filter	Filtre de catégories	Filtro delle categorie	Filtro de categorias	Kategoriefilter
Lista	List	Liste	Elenco	Lista	Liste
Más destinos que te encantarán	More destinations you'll love	D'autres destinations qui vous plairont	Altre destinazioni che ti piaceranno	Mais destinos que você vai adorar	Weitere Reiseziele, die Ihnen gefallen werden
Más populares	Most popular	Les plus populaires	Più popolari	Mais populares	Am beliebtesten
Mejor valorados	Top rated	Les mieux notés	Meglio valutati	Mais bem avaliados	Am besten bewertet
Ordenar destinos	Sort destinations	Trier les destinations	Ordina le destinazioni	Ordenar destinos	Reiseziele sortieren
Tu ruta está lista 🌿	Your route is ready 🌿	Votre itinéraire est prêt 🌿	Il tuo percorso è pronto 🌿	Sua rota está pronta 🌿	Ihre Route ist fertig 🌿
Ver más recomendaciones →	See more recommendations →	Voir plus de recommandations →	Vedi altri consigli →	Ver mais recomendações →	Weitere Empfehlungen ansehen →
· Verificado BAQUEANO	· Verified by BAQUEANO	· Vérifié par BAQUEANO	· Verificato da BAQUEANO	· Verificado pelo BAQUEANO	· Von BAQUEANO geprüft
💡 Transparencia de Costos:	💡 Cost transparency:	💡 Transparence des coûts :	💡 Trasparenza dei costi:	💡 Transparência de custos:	💡 Kostentransparenz:
Cálculo transparente y validado según la realidad de costos en Nicaragua.	Transparent calculation validated against real costs in Nicaragua.	Calcul transparent, validé selon la réalité des coûts au Nicaragua.	Calcolo trasparente e validato in base ai costi reali in Nicaragua.	Cálculo transparente e validado conforme a realidade de custos na Nicarágua.	Transparente Berechnung, geprüft anhand der realen Kosten in Nicaragua.
Generá una ruta personalizada o ajustá esta en segundos.	Generate a custom route or adjust this one in seconds.	Générez un itinéraire personnalisé ou ajustez celui-ci en quelques secondes.	Genera un percorso personalizzato o modifica questo in pochi secondi.	Gere uma rota personalizada ou ajuste esta em segundos.	Erstellen Sie in Sekunden eine eigene Route oder passen Sie diese an.
Guías & entradas	Guides & tickets	Guides et billets	Guide e biglietti	Guias e ingressos	Guides & Eintrittskarten
Alimentación (Rest. típicos)	Food (traditional restaurants)	Repas (restaurants typiques)	Pasti (ristoranti tipici)	Alimentação (restaurantes típicos)	Verpflegung (typische Restaurants)
Hospedaje (Hotel estándar)	Lodging (standard hotel)	Hébergement (hôtel standard)	Alloggio (hotel standard)	Hospedagem (hotel padrão)	Unterkunft (Standardhotel)
Estimación de Gastos (3 Días / 2 Personas)	Expense Estimate (3 Days / 2 People)	Estimation des dépenses (3 jours / 2 personnes)	Stima delle spese (3 giorni / 2 persone)	Estimativa de gastos (3 dias / 2 pessoas)	Kostenschätzung (3 Tage / 2 Personen)
Botella de agua reutilizable (evitar plásticos de un solo uso)	Reusable water bottle (avoid single-use plastics)	Bouteille d'eau réutilisable (éviter les plastiques à usage unique)	Borraccia riutilizzabile (evita la plastica monouso)	Garrafa de água reutilizável (evite plásticos descartáveis)	Wiederverwendbare Wasserflasche (Einwegplastik vermeiden)
Botiquín básico de primeros auxilios y antihistamínicos	Basic first-aid kit and antihistamines	Trousse de premiers secours de base et antihistaminiques	Kit di primo soccorso di base e antistaminici	Kit básico de primeiros socorros e anti-histamínicos	Einfache Erste-Hilfe-Ausrüstung und Antihistaminika
Calzado de senderismo con buen agarre para terreno volcánico	Hiking footwear with good grip for volcanic terrain	Chaussures de randonnée avec une bonne adhérence pour le terrain volcanique	Calzature da trekking con buona aderenza per terreno vulcanico	Calçado de caminhada com boa aderência para terreno vulcânico	Wanderschuhe mit gutem Halt für vulkanisches Gelände
Capa impermeable para nebliselvas y lluvias repentinas	Rain cape for cloud forests and sudden showers	Cape imperméable pour les forêts de nuages et les averses soudaines	Mantella impermeabile per foreste nebulose e piogge improvvise	Capa de chuva para florestas nebulosas e chuvas repentinas	Regenumhang für Nebelwälder und plötzliche Schauer
Dinero en efectivo en córdobas para cooperativas y pulperías	Cash in córdobas for cooperatives and small shops	Espèces en córdobas pour les coopératives et les petites boutiques	Contanti in córdoba per cooperative e piccoli negozi	Dinheiro em espécie em córdobas para cooperativas e pequenos comércios	Bargeld in Córdobas für Genossenschaften und kleine Läden
Documento de identidad y fotocopia de emergencia	ID document and an emergency photocopy	Pièce d'identité et photocopie de secours	Documento d'identità e fotocopia di emergenza	Documento de identidade e fotocópia de emergência	Ausweisdokument und eine Notfallkopie
Mis lugares favoritos	My favorite places	Mes lieux favoris	I miei luoghi preferiti	Meus lugares favoritos	Meine Lieblingsorte
Mis Favoritos | BAQUEANO Nicaragua	My Favorites | BAQUEANO Nicaragua	Mes favoris | BAQUEANO Nicaragua	I miei preferiti | BAQUEANO Nicaragua	Meus favoritos | BAQUEANO Nicaragua	Meine Favoriten | BAQUEANO Nicaragua
lugares guardados en este dispositivo	places saved on this device	lieux enregistrés sur cet appareil	luoghi salvati su questo dispositivo	lugares salvos neste dispositivo	auf diesem Gerät gespeicherte Orte
Todavía no guardaste lugares	You haven't saved any places yet	Vous n'avez encore enregistré aucun lieu	Non hai ancora salvato nessun luogo	Você ainda não salvou lugares	Sie haben noch keine Orte gespeichert
🌋 Volcanes	🌋 Volcanoes	🌋 Volcans	🌋 Vulcani	🌋 Vulcões	🌋 Vulkane
🏖️ Playas	🏖️ Beaches	🏖️ Plages	🏖️ Spiagge	🏖️ Praias	🏖️ Strände
🤝 Cooperativas	🤝 Cooperatives	🤝 Coopératives	🤝 Cooperative	🤝 Cooperativas	🤝 Genossenschaften
Buscar destino, volcán o departamento...	Search destination, volcano or department...	Rechercher destination, volcan ou département...	Cerca destinazione, vulcano o dipartimento...	Busque destino, vulcão ou departamento...	Reiseziel, Vulkan oder Departamento suchen...
Cambiar tipo de mapa	Change map type	Changer le type de carte	Cambia tipo di mappa	Mudar tipo de mapa	Kartentyp ändern
categorías	categories	catégories	categorie	categorias	Kategorien
Descubrí Nicaragua	Discover Nicaragua	Découvrez le Nicaragua	Scopri il Nicaragua	Descubra a Nicarágua	Entdecken Sie Nicaragua
Destino	Destination	Destination	Destinazione	Destino	Reiseziel
Leyenda	Legend	Légende	Legenda	Legenda	Legende
Leyenda de categorías	Category legend	Légende des catégories	Legenda delle categorie	Legenda das categorias	Legende der Kategorien
lugares destacados	featured places	lieux à la une	luoghi in evidenza	lugares em destaque	empfohlene Orte
Mapa Interactivo de Nicaragua | Baqueano	Interactive Map of Nicaragua | Baqueano	Carte interactive du Nicaragua | Baqueano	Mappa interattiva del Nicaragua | Baqueano	Mapa interativo da Nicarágua | Baqueano	Interaktive Karte von Nicaragua | Baqueano
Mi ubicación GPS	My GPS location	Ma position GPS	La mia posizione GPS	Minha localização GPS	Mein GPS-Standort
Resumen del mapa	Map summary	Résumé de la carte	Riepilogo della mappa	Resumo do mapa	Kartenübersicht
territorio por territorio	territory by territory	territoire par territoire	territorio per territorio	território por território	Gebiet für Gebiet
territorios	territories	territoires	territori	territórios	Gebiete
Todos (10)	All (10)	Tous (10)	Tutti (10)	Todos (10)	Alle (10)
Tu ubicación satelital está calculada para asistencia en ruta.	Your satellite location is calculated for assistance along the route.	Votre position par satellite est calculée pour l'assistance en route.	La tua posizione satellitare è calcolata per l'assistenza lungo il percorso.	Sua localização por satélite é calculada para assistência na rota.	Ihr Satellitenstandort wird für Hilfe unterwegs berechnet.
Ver ficha completa	View full profile	Voir la fiche complète	Vedi la scheda completa	Ver ficha completa	Vollständiges Profil ansehen
¿Cómo creo o modifico una ruta de viaje?	How do I create or edit a trip route?	Comment créer ou modifier un itinéraire de voyage ?	Come creo o modifico un percorso di viaggio?	Como crio ou modifico uma rota de viagem?	Wie erstelle oder ändere ich eine Reiseroute?
¿Cómo guardo y consulto mis destinos favoritos?	How do I save and view my favorite destinations?	Comment enregistrer et consulter mes destinations favorites ?	Come salvo e consulto le mie destinazioni preferite?	Como salvo e consulto meus destinos favoritos?	Wie speichere und sehe ich meine Lieblingsziele?
¿Cómo podemos ayudarte?	How can we help you?	Comment pouvons-nous vous aider ?	Come possiamo aiutarti?	Como podemos ajudar você?	Wie können wir Ihnen helfen?
¿Cómo registro mi negocio turístico?	How do I register my tourism business?	Comment inscrire mon entreprise touristique ?	Come registro la mia attività turistica?	Como cadastro meu negócio turístico?	Wie registriere ich mein Tourismusunternehmen?
¿Cómo reporto una incidencia?	How do I report an incident?	Comment signaler un incident ?	Come segnalo un incidente?	Como reporto uma ocorrência?	Wie melde ich einen Vorfall?
¿Cómo se administran las cookies y mis datos?	How are cookies and my data managed?	Comment sont gérés les cookies et mes données ?	Come vengono gestiti i cookie e i miei dati?	Como são administrados os cookies e meus dados?	Wie werden Cookies und meine Daten verwaltet?
¿Dónde aparecen mis reservas?	Where do my bookings appear?	Où apparaissent mes réservations ?	Dove compaiono le mie prenotazioni?	Onde aparecem minhas reservas?	Wo erscheinen meine Buchungen?
¿NECESITÁS MÁS AYUDA?	NEED MORE HELP?	BESOIN D'AIDE SUPPLÉMENTAIRE ?	HAI BISOGNO DI ALTRO AIUTO?	PRECISA DE MAIS AJUDA?	BRAUCHEN SIE MEHR HILFE?
¿Qué incluye el Centro SOS?	What does the SOS Center include?	Que comprend le Centre SOS ?	Cosa include il Centro SOS?	O que inclui o Centro SOS?	Was umfasst das SOS-Zentrum?
¿Tenés una emergencia?	Is this an emergency?	Avez-vous une urgence ?	Hai un'emergenza?	Você tem uma emergência?	Haben Sie einen Notfall?
Abrir Centro SOS	Open SOS Center	Ouvrir le Centre SOS	Apri il Centro SOS	Abrir Centro SOS	SOS-Zentrum öffnen
Accedé a ubicación GPS, Policía, Cruz Roja, Bomberos y emergencias nacionales.	Access GPS location, Police, Red Cross, Fire Department and national emergency lines.	Accédez à la position GPS, à la Police, à la Croix-Rouge, aux Pompiers et aux urgences nationales.	Accedi alla posizione GPS, Polizia, Croce Rossa, Vigili del fuoco ed emergenze nazionali.	Acesse localização GPS, Polícia, Cruz Vermelha, Bombeiros e emergências nacionais.	Zugriff auf GPS-Standort, Polizei, Rotes Kreuz, Feuerwehr und nationale Notrufe.
ACCESOS DIRECTOS	SHORTCUTS	RACCOURCIS	COLLEGAMENTI RAPIDI	ATALHOS	SCHNELLZUGRIFFE
Administrar tu perfil	Manage your profile	Gérer votre profil	Gestisci il tuo profilo	Gerenciar seu perfil	Ihr Profil verwalten
ASISTENCIA EN RUTA	ASSISTANCE ON THE ROUTE	ASSISTANCE EN ROUTE	ASSISTENZA LUNGO IL PERCORSO	ASSISTÊNCIA NA ROTA	HILFE UNTERWEGS
Buscá arriba o abrí una pregunta. Si no encontrás la solución, podés contactarnos.	Search above or open a question. If you can't find the solution, you can contact us.	Cherchez ci-dessus ou ouvrez une question. Si vous ne trouvez pas la solution, contactez-nous.	Cerca qui sopra o apri una domanda. Se non trovi la soluzione, puoi contattarci.	Busque acima ou abra uma pergunta. Se não encontrar a solução, você pode falar conosco.	Suchen Sie oben oder öffnen Sie eine Frage. Wenn Sie keine Lösung finden, können Sie uns kontaktieren.
Buscar en el Centro de Ayuda	Search the Help Center	Rechercher dans le Centre d'aide	Cerca nel Centro assistenza	Buscar na Central de Ajuda	Im Hilfezentrum suchen
Cada opción te lleva a la función correspondiente.	Each option takes you to the matching feature.	Chaque option vous mène à la fonction correspondante.	Ogni opzione ti porta alla funzione corrispondente.	Cada opção leva você à função correspondente.	Jede Option führt Sie zur passenden Funktion.
Canal de denuncias	Reporting channel	Canal de signalement	Canale di segnalazione	Canal de denúncias	Meldekanal
Centro de Ayuda | Baqueano Nicaragua	Help Center | Baqueano Nicaragua	Centre d'aide | Baqueano Nicaragua	Centro assistenza | Baqueano Nicaragua	Central de Ajuda | Baqueano Nicaragua	Hilfezentrum | Baqueano Nicaragua
Consultar viajes reservados	View booked trips	Consulter les voyages réservés	Consulta i viaggi prenotati	Consultar viagens reservadas	Gebuchte Reisen ansehen
Contanos qué intentabas hacer y en qué página ocurrió.	Tell us what you were trying to do and on which page it happened.	Dites-nous ce que vous essayiez de faire et sur quelle page cela s'est produit.	Raccontaci cosa stavi cercando di fare e in quale pagina è successo.	Conte-nos o que você tentava fazer e em qual página aconteceu.	Teilen Sie uns mit, was Sie versucht haben und auf welcher Seite es passiert ist.
Crear y ajustar una ruta	Create and adjust a route	Créer et ajuster un itinéraire	Crea e modifica un percorso	Criar e ajustar uma rota	Route erstellen und anpassen
Cuenta y acceso	Account and access	Compte et accès	Account e accesso	Conta e acesso	Konto und Zugang
Ej.: guardar un destino, reservas o registrar negocio	E.g. save a destination, bookings or register a business	Ex. : enregistrer une destination, réservations ou inscrire une entreprise	Es.: salvare una destinazione, prenotazioni o registrare un'attività	Ex.: salvar um destino, reservas ou cadastrar negócio	z. B. Reiseziel speichern, Buchungen oder Unternehmen registrieren
Encontrá respuestas y llegá directamente a cada herramienta de Baqueano.	Find answers and go straight to each Baqueano tool.	Trouvez des réponses et accédez directement à chaque outil de Baqueano.	Trova risposte e raggiungi direttamente ogni strumento di Baqueano.	Encontre respostas e vá direto a cada ferramenta do Baqueano.	Finden Sie Antworten und gelangen Sie direkt zu jedem Baqueano-Werkzeug.
Hablemos con vos	Let's talk	Parlons-en	Parliamone	Vamos conversar	Sprechen wir miteinander
Mis reservas	My bookings	Mes réservations	Le mie prenotazioni	Minhas reservas	Meine Buchungen
Planificar mi viaje	Plan my trip	Planifier mon voyage	Pianifica il mio viaggio	Planejar minha viagem	Meine Reise planen
PREGUNTAS FRECUENTES	FREQUENTLY ASKED QUESTIONS	QUESTIONS FRÉQUENTES	DOMANDE FREQUENTI	PERGUNTAS FREQUENTES	HÄUFIGE FRAGEN
Publicar un emprendimiento	Publish a business	Publier une entreprise	Pubblica un'impresa	Publicar um empreendimento	Unternehmen veröffentlichen
Registrar negocio	Register business	Inscrire l'entreprise	Registra attività	Cadastrar negócio	Unternehmen registrieren
Reportar incidencia	Report an incident	Signaler un incident	Segnala un incidente	Reportar ocorrência	Vorfall melden
Resolvé lo que necesitás	Solve what you need	Résolvez ce dont vous avez besoin	Risolvi ciò di cui hai bisogno	Resolva o que você precisa	Lösen Sie, was Sie brauchen
Respuestas rápidas	Quick answers	Réponses rapides	Risposte rapide	Respostas rápidas	Schnelle Antworten
También podés elegir una categoría.	You can also choose a category.	Vous pouvez aussi choisir une catégorie.	Puoi anche scegliere una categoria.	Você também pode escolher uma categoria.	Sie können auch eine Kategorie wählen.
Usar el canal confidencial	Use the confidential channel	Utiliser le canal confidentiel	Usa il canale riservato	Usar o canal confidencial	Den vertraulichen Kanal nutzen
Ver destinos guardados	View saved destinations	Voir les destinations enregistrées	Vedi le destinazioni salvate	Ver destinos salvos	Gespeicherte Reiseziele ansehen
¿Y ahora qué?	Now what?	Et maintenant ?	E adesso?	E agora?	Und jetzt?
404 — Este camino no lleva a ningún lado | BAQUEANO Nicaragua	404 — This path leads nowhere | BAQUEANO Nicaragua	404 — Ce chemin ne mène nulle part | BAQUEANO Nicaragua	404 — Questo sentiero non porta da nessuna parte | BAQUEANO Nicaragua	404 — Este caminho não leva a lugar nenhum | BAQUEANO Nicaragua	404 — Dieser Weg führt ins Nichts | BAQUEANO Nicaragua
Este camino	This path	Ce chemin	Questo sentiero	Este caminho	Dieser Weg
no lleva a ningún lado	leads nowhere	ne mène nulle part	non porta da nessuna parte	não leva a lugar nenhum	führt ins Nichts
Explorá todo el territorio	Explore the whole territory	Explorez tout le territoire	Esplora tutto il territorio	Explore todo o território	Entdecken Sie das ganze Land
Podés seguir explorando:	You can keep exploring:	Vous pouvez continuer à explorer :	Puoi continuare a esplorare:	Você pode continuar explorando:	Sie können weiter entdecken:
Puede que la dirección esté mal escrita o que la página se haya movido.	The address may be misspelled or the page may have moved.	L'adresse est peut-être mal saisie ou la page a été déplacée.	L'indirizzo potrebbe essere errato o la pagina spostata.	O endereço pode estar errado ou a página pode ter mudado de lugar.	Die Adresse ist vielleicht falsch geschrieben oder die Seite wurde verschoben.
Registrá tu emprendimiento	Register your business	Inscrivez votre entreprise	Registra la tua impresa	Cadastre seu empreendimento	Registrieren Sie Ihr Unternehmen
Tours y actividades	Tours and activities	Visites et activités	Tour e attività	Passeios e atividades	Touren und Aktivitäten
Volcanes, playas y más	Volcanoes, beaches and more	Volcans, plages et plus encore	Vulcani, spiagge e altro	Vulcões, praias e mais	Vulkane, Strände und mehr
📌 Protocolo de Emergencia en Cañones y Volcanes:	📌 Emergency Protocol in Canyons and Volcanoes:	📌 Protocole d'urgence dans les canyons et sur les volcans :	📌 Protocollo di emergenza nei canyon e sui vulcani:	📌 Protocolo de emergência em cânions e vulcões:	📌 Notfallprotokoll in Canyons und an Vulkanen:
📡 Esperando señal… En cuanto vuelva, te reconectamos solos.	📡 Waiting for signal… As soon as it's back, we reconnect you automatically.	📡 En attente de signal… Dès son retour, nous vous reconnectons automatiquement.	📡 In attesa del segnale… Appena torna, ti riconnettiamo da soli.	📡 Aguardando sinal… Assim que voltar, reconectamos você sozinhos.	📡 Warte auf Signal… Sobald es zurück ist, verbinden wir Sie automatisch wieder.
🔄 Probar la conexión	🔄 Test the connection	🔄 Tester la connexion	🔄 Prova la connessione	🔄 Testar a conexão	🔄 Verbindung testen
Atención médica y rescate	Medical care and rescue	Soins médicaux et secours	Assistenza medica e soccorso	Atendimento médico e resgate	Medizinische Versorgung und Rettung
Auxilio en ruta y seguridad	Roadside help and security	Aide en route et sécurité	Aiuto lungo il percorso e sicurezza	Auxílio na rota e segurança	Hilfe unterwegs und Sicherheit
Catálogo en Caché	Cached Catalog	Catalogue en cache	Catalogo in cache	Catálogo em cache	Katalog im Cache
Conservación:	Conservation:	Conservation :	Conservazione:	Conservação:	Naturschutz:
Incendios y rescate agreste	Fires and wilderness rescue	Incendies et secours en milieu sauvage	Incendi e soccorso in ambiente selvaggio	Incêndios e resgate em área selvagem	Brände und Wildnisrettung
Líneas directas de emergencia nacional	National emergency hotlines	Lignes directes d'urgence nationales	Linee dirette di emergenza nazionali	Linhas diretas de emergência nacionais	Nationale Notrufnummern
Llamar a Bomberos	Call the Fire Department	Appeler les pompiers	Chiama i Vigili del fuoco	Ligar para os Bombeiros	Feuerwehr anrufen
Llamar a la Cruz Roja	Call the Red Cross	Appeler la Croix-Rouge	Chiama la Croce Rossa	Ligar para a Cruz Vermelha	Rotes Kreuz anrufen
Llamar a Policía Nacional	Call the National Police	Appeler la Police nationale	Chiama la Polizia nazionale	Ligar para a Polícia Nacional	Nationale Polizei anrufen
Modo Offline Territorial | Baqueano Nicaragua	Territorial Offline Mode | Baqueano Nicaragua	Mode hors ligne territorial | Baqueano Nicaragua	Modalità offline territoriale | Baqueano Nicaragua	Modo offline territorial | Baqueano Nicaragua	Territorialer Offline-Modus | Baqueano Nicaragua
Modo Supervivencia Territorial	Territorial Survival Mode	Mode survie territorial	Modalità sopravvivenza territoriale	Modo sobrevivência territorial	Territorialer Überlebensmodus
Ver Caché de Inicio	View Home Cache	Voir le cache de l'accueil	Vedi la cache della home	Ver cache do início	Start-Cache ansehen
Clima actual	Current weather	Météo actuelle	Meteo attuale	Clima atual	Aktuelles Wetter
