Tu privacidad y tus preferencias	Your privacy and your preferences	Votre vie privée et vos préférences	La tua privacy e le tue preferenze	Sua privacidade e suas preferências	Ihre Privatsphäre und Ihre Einstellungen
Usamos almacenamiento esencial para que BAQUEANO funcione y, con tu permiso, preferencias y analítica para mejorar tu experiencia. Podés aceptar, rechazar o configurar.	We use essential storage so BAQUEANO works and, with your permission, preferences and analytics to improve your experience. You can accept, reject or configure.	Nous utilisons un stockage essentiel pour que BAQUEANO fonctionne et, avec votre accord, des préférences et des statistiques pour améliorer votre expérience. Vous pouvez accepter, refuser ou configurer.	Usiamo l'archiviazione essenziale per far funzionare BAQUEANO e, con il tuo permesso, preferenze e analisi per migliorare la tua esperienza. Puoi accettare, rifiutare o configurare.	Usamos armazenamento essencial para o BAQUEANO funcionar e, com a sua permissão, preferências e análises para melhorar a sua experiência. Você pode aceitar, rejeitar ou configurar.	Wir nutzen notwendigen Speicher, damit BAQUEANO funktioniert, und mit Ihrer Erlaubnis Einstellungen und Analysen, um Ihr Erlebnis zu verbessern. Sie können akzeptieren, ablehnen oder konfigurieren.
Ver política de cookies	View cookie policy	Voir la politique de cookies	Vedi la politica sui cookie	Ver política de cookies	Cookie-Richtlinie ansehen
Configurar	Configure	Configurer	Configura	Configurar	Konfigurieren
Cookies esenciales	Essential cookies	Cookies essentiels	Cookie essenziali	Cookies essenciais	Notwendige Cookies
Seguridad, navegación y conservación de tu elección.	Security, navigation and keeping your choice.	Sécurité, navigation et conservation de votre choix.	Sicurezza, navigazione e conservazione della tua scelta.	Segurança, navegação e conservação da sua escolha.	Sicherheit, Navigation und Speicherung Ihrer Auswahl.
Cookies esenciales siempre activas	Essential cookies always on	Cookies essentiels toujours actifs	Cookie essenziali sempre attivi	Cookies essenciais sempre ativos	Notwendige Cookies immer aktiv
Idioma, tema, región y personalización.	Language, theme, region and personalization.	Langue, thème, région et personnalisation.	Lingua, tema, regione e personalizzazione.	Idioma, tema, região e personalização.	Sprache, Design, Region und Personalisierung.
Analítica opcional	Optional analytics	Statistiques facultatives	Analisi facoltative	Análises opcionais	Optionale Analysen
Mediciones anónimas para mejorar el servicio.	Anonymous measurements to improve the service.	Mesures anonymes pour améliorer le service.	Misurazioni anonime per migliorare il servizio.	Medições anônimas para melhorar o serviço.	Anonyme Messungen zur Verbesserung des Dienstes.
Guardar selección	Save selection	Enregistrer la sélection	Salva selezione	Salvar seleção	Auswahl speichern
