NICARAGUA AUTÉNTICA	AUTHENTIC NICARAGUA	NICARAGUA AUTHENTIQUE	NICARAGUA AUTENTICO	NICARÁGUA AUTÊNTICA	AUTHENTISCHES NICARAGUA
Nicaragua Auténtica	Authentic Nicaragua	Nicaragua authentique	Nicaragua autentico	Nicarágua autêntica	Authentisches Nicaragua
Auténtica	Authentic	Authentique	Autentica	Autêntica	Authentisch
Hecho con	Made with	Fait avec	Fatto con	Feito com	Gemacht mit
Hecho con ❤️ en Nicaragua	Made with ❤️ in Nicaragua	Fait avec ❤️ au Nicaragua	Fatto con ❤️ in Nicaragua	Feito com ❤️ na Nicarágua	Mit ❤️ in Nicaragua gemacht
Información	Information	Informations	Informazioni	Informações	Informationen
Política de privacidad	Privacy policy	Politique de confidentialité	Informativa sulla privacy	Política de privacidade	Datenschutzerklärung
Términos y condiciones	Terms and conditions	Conditions générales	Termini e condizioni	Termos e condições	Allgemeine Geschäftsbedingungen
Términos y Condiciones	Terms and Conditions	Conditions générales	Termini e condizioni	Termos e condições	Allgemeine Geschäftsbedingungen
Términos & Condiciones	Terms & Conditions	Conditions générales	Termini e condizioni	Termos e condições	Allgemeine Geschäftsbedingungen
2026 BAQUEANO. Todos los derechos reservados.	2026 BAQUEANO. All rights reserved.	2026 BAQUEANO. Tous droits réservés.	2026 BAQUEANO. Tutti i diritti riservati.	2026 BAQUEANO. Todos os direitos reservados.	2026 BAQUEANO. Alle Rechte vorbehalten.
© 2026 BAQUEANO. Todos los derechos reservados.	© 2026 BAQUEANO. All rights reserved.	© 2026 BAQUEANO. Tous droits réservés.	© 2026 BAQUEANO. Tutti i diritti riservati.	© 2026 BAQUEANO. Todos os direitos reservados.	© 2026 BAQUEANO. Alle Rechte vorbehalten.
Contacto	Contact	Contact	Contatti	Contato	Kontakt
DESCUBRE LO QUE NO SALE EN EL MAPA.	DISCOVER WHAT ISN'T ON THE MAP.	DÉCOUVREZ CE QUI N'EST PAS SUR LA CARTE.	SCOPRI CIÒ CHE NON È SULLA MAPPA.	DESCUBRA O QUE NÃO ESTÁ NO MAPA.	ENTDECKEN SIE, WAS NICHT AUF DER KARTE STEHT.
DESCUBRÍ LO QUE NO SALE EN EL MAPA	DISCOVER WHAT ISN'T ON THE MAP	DÉCOUVREZ CE QUI N'EST PAS SUR LA CARTE	SCOPRI CIÒ CHE NON È SULLA MAPPA	DESCUBRA O QUE NÃO ESTÁ NO MAPA	ENTDECKEN SIE, WAS NICHT AUF DER KARTE STEHT
Preguntas frecuentes	Frequently asked questions	Questions fréquentes	Domande frequenti	Perguntas frequentes	Häufige Fragen
Abrir menú móvil	Open mobile menu	Ouvrir le menu mobile	Apri il menu mobile	Abrir menu móvel	Mobiles Menü öffnen
Buscar en Nicaragua	Search Nicaragua	Rechercher au Nicaragua	Cerca in Nicaragua	Buscar na Nicarágua	In Nicaragua suchen
Centro de auxilio SOS	SOS help center	Centre d'aide SOS	Centro di aiuto SOS	Centro de ajuda SOS	SOS-Hilfezentrum
Equipo	Team	Équipe	Team	Equipe	Team
Impacto	Impact	Impact	Impatto	Impacto	Wirkung
Misión y visión	Mission and vision	Mission et vision	Missione e visione	Missão e visão	Mission und Vision
Cambiar tema	Change theme	Changer de thème	Cambia tema	Mudar tema	Design wechseln
Postular mi negocio	Apply with my business	Inscrire mon entreprise	Candida la mia attività	Candidatar meu negócio	Mein Unternehmen anmelden
Historia viva	Living history	Histoire vivante	Storia viva	História viva	Lebendige Geschichte
Música nicaragüense	Nicaraguan music	Musique nicaraguayenne	Musica nicaraguense	Música nicaraguense	Nicaraguanische Musik
SOS 24/7	SOS 24/7	SOS 24/7	SOS 24/7	SOS 24/7	SOS 24/7
Baqueano Nicaragua - Inicio	Baqueano Nicaragua - Home	Baqueano Nicaragua - Accueil	Baqueano Nicaragua - Home	Baqueano Nicaragua - Início	Baqueano Nicaragua - Startseite
Blog & Crónicas	Blog & Chronicles	Blog et chroniques	Blog e cronache	Blog e crônicas	Blog & Chroniken
Buscar en Baqueano	Search Baqueano	Rechercher sur Baqueano	Cerca su Baqueano	Buscar no Baqueano	Auf Baqueano suchen
Centro de monitoreo territorial	Territorial monitoring center	Centre de suivi territorial	Centro di monitoraggio territoriale	Centro de monitoramento territorial	Zentrum für Gebietsüberwachung
Comedor Tradicional / Restaurante Campesino	Traditional eatery / Rural restaurant	Table traditionnelle / Restaurant paysan	Trattoria tradizionale / Ristorante contadino	Comedor tradicional / Restaurante camponês	Traditionelles Speiselokal / Bauernrestaurant
Cooperativa Agroecológica	Agroecological cooperative	Coopérative agroécologique	Cooperativa agroecologica	Cooperativa agroecológica	Agrarökologische Genossenschaft
Cruz Roja	Red Cross	Croix-Rouge	Croce Rossa	Cruz Vermelha	Rotes Kreuz
Decálogo y alertas ecológicas	Ten principles and ecological alerts	Décalogue et alertes écologiques	Decalogo e allerte ecologiche	Decálogo e alertas ecológicos	Zehn Grundsätze und Umweltwarnungen
Ej: Comedor Doña María / Eco-Lodge Las Brisas	E.g. Doña María's Eatery / Las Brisas Eco-Lodge	Ex. : Comedor Doña María / Eco-Lodge Las Brisas	Es.: Comedor Doña María / Eco-Lodge Las Brisas	Ex.: Comedor Doña María / Eco-Lodge Las Brisas	z. B. Comedor Doña María / Eco-Lodge Las Brisas
Emprendimientos y cooperativas	Ventures and cooperatives	Entreprises et coopératives	Imprese e cooperative	Empreendimentos e cooperativas	Unternehmen und Genossenschaften
Guía Baqueano Comunitario	Community Baqueano guide	Guide baqueano communautaire	Guida baqueano comunitaria	Guia baqueano comunitário	Gemeinschaftlicher Baqueano-Guide
Historia y Memoria	History and Memory	Histoire et mémoire	Storia e memoria	História e memória	Geschichte und Erinnerung
Hospedaje Rural Familiar	Family rural lodging	Hébergement rural familial	Alloggio rurale familiare	Hospedagem rural familiar	Familiäre Unterkunft auf dem Land
Hostal Comunitario	Community hostel	Auberge communautaire	Ostello comunitario	Hostel comunitário	Gemeinschaftshostel
Hotel / Eco-Lodge	Hotel / Eco-lodge	Hôtel / Éco-lodge	Hotel / Eco-lodge	Hotel / Eco-lodge	Hotel / Öko-Lodge
Línea de tiempo y 17 territorios	Timeline and 17 territories	Chronologie et 17 territoires	Linea del tempo e 17 territori	Linha do tempo e 17 territórios	Zeitleiste und 17 Gebiete
Mis Favoritos	My Favorites	Mes favoris	I miei preferiti	Meus favoritos	Meine Favoriten
Música y Sonido	Music and Sound	Musique et son	Musica e suono	Música e som	Musik und Klang
Otro Emprendimiento Local	Another local venture	Autre entreprise locale	Altra impresa locale	Outro empreendimento local	Anderes lokales Unternehmen
Patrimonio sonoro y compositores	Sound heritage and composers	Patrimoine sonore et compositeurs	Patrimonio sonoro e compositori	Patrimônio sonoro e compositores	Klangerbe und Komponisten
Sabores ancestrales del maíz	Ancestral flavors of corn	Saveurs ancestrales du maïs	Sapori ancestrali del mais	Sabores ancestrais do milho	Traditionelle Maisaromen
Siguiente	Next	Suivant	Successivo	Próximo	Weiter
Anterior	Previous	Précédent	Precedente	Anterior	Zurück
Turismo responsable	Responsible tourism	Tourisme responsable	Turismo responsabile	Turismo responsável	Verantwortungsvoller Tourismus
© 2026 Baqueano Nicaragua. Catálogo Oficial de Áreas Protegidas y Turismo Comunitario. Todos los derechos reservados.	© 2026 Baqueano Nicaragua. Official Catalog of Protected Areas and Community Tourism. All rights reserved.	© 2026 Baqueano Nicaragua. Catalogue officiel des aires protégées et du tourisme communautaire. Tous droits réservés.	© 2026 Baqueano Nicaragua. Catalogo ufficiale delle aree protette e del turismo comunitario. Tutti i diritti riservati.	© 2026 Baqueano Nicaragua. Catálogo oficial de áreas protegidas e turismo comunitário. Todos os direitos reservados.	© 2026 Baqueano Nicaragua. Offizieller Katalog der Schutzgebiete und des Gemeindetourismus. Alle Rechte vorbehalten.
0% Comisiones	0% commissions	0 % de commission	0% di commissioni	0% de comissões	0 % Provision
24/7 en Sendero • Soporte 8:00 AM - 6:00 PM	24/7 on the trail • Support 8:00 AM - 6:00 PM	24 h/24 sur le sentier • Assistance de 8 h à 18 h	24/7 sul sentiero • Assistenza dalle 8:00 alle 18:00	24/7 na trilha • Suporte das 8h às 18h	24/7 auf dem Pfad • Support von 8:00 bis 18:00 Uhr
29 Áreas Protegidas y Volcanes	29 Protected Areas and Volcanoes	29 aires protégées et volcans	29 aree protette e vulcani	29 áreas protegidas e vulcões	29 Schutzgebiete und Vulkane
Abrir mapa interactivo	Open interactive map	Ouvrir la carte interactive	Apri la mappa interattiva	Abrir mapa interativo	Interaktive Karte öffnen
Acepto los principios de	I accept the principles of	J'accepte les principes de	Accetto i principi di	Aceito os princípios de	Ich akzeptiere die Grundsätze von
Auditoría & Respaldo	Audit & Backup	Audit et sauvegarde	Audit e backup	Auditoria e backup	Audit & Sicherung
Aventuras Auténticas	Authentic Adventures	Aventures authentiques	Avventure autentiche	Aventuras autênticas	Authentische Abenteuer
Bar / Sunset Lounge Frente al Mar	Bar / Sunset lounge by the sea	Bar / Lounge face à la mer	Bar / Sunset lounge sul mare	Bar / Sunset lounge à beira-mar	Bar / Sunset-Lounge am Meer
Boletín de Senderos & Cosechas Campesinas	Newsletter on Trails & Farm Harvests	Bulletin des sentiers et des récoltes paysannes	Newsletter su sentieri e raccolti contadini	Boletim de trilhas e colheitas camponesas	Newsletter zu Pfaden & bäuerlichen Ernten
Canal Ético Ambiental	Environmental Ethics Channel	Canal éthique environnemental	Canale etico ambientale	Canal ético ambiental	Ethischer Umweltkanal
Canal WhatsApp Baqueano	Baqueano WhatsApp channel	Chaîne WhatsApp Baqueano	Canale WhatsApp Baqueano	Canal do WhatsApp Baqueano	Baqueano-WhatsApp-Kanal
Casa de Alquiler Vacacional	Vacation rental house	Maison de location de vacances	Casa vacanze in affitto	Casa de aluguel por temporada	Ferienhaus zur Miete
Casas de Alquiler & Villas	Rental Houses & Villas	Maisons et villas de location	Case in affitto e ville	Casas de aluguel e vilas	Mietshäuser & Villen
Catálogo oficial de áreas protegidas y turismo comunitario de Nicaragua. Guiado local, cero intermediación y soberanía territorial.	Official catalog of protected areas and community tourism in Nicaragua. Local guidance, no intermediaries and territorial sovereignty.	Catalogue officiel des aires protégées et du tourisme communautaire du Nicaragua. Guides locaux, aucun intermédiaire et souveraineté territoriale.	Catalogo ufficiale delle aree protette e del turismo comunitario del Nicaragua. Guide locali, nessun intermediario e sovranità territoriale.	Catálogo oficial de áreas protegidas e turismo comunitário da Nicarágua. Guias locais, sem intermediários e soberania territorial.	Offizieller Katalog der Schutzgebiete und des Gemeindetourismus in Nicaragua. Lokale Führung, keine Zwischenhändler und territoriale Souveränität.
Contá qué le ofrecés al visitante: especialidad de la casa, tipo de habitaciones o atractivos naturales cercanos…	Tell us what you offer visitors: house specialty, room types or nearby natural attractions…	Dites-nous ce que vous offrez aux visiteurs : spécialité de la maison, types de chambres ou attraits naturels à proximité…	Racconta cosa offri ai visitatori: specialità della casa, tipo di camere o attrazioni naturali vicine…	Conte o que você oferece ao visitante: especialidade da casa, tipos de quarto ou atrativos naturais próximos…	Erzählen Sie, was Sie Besuchern bieten: Spezialität des Hauses, Zimmertypen oder nahe Naturattraktionen…
Contacto Directo	Direct Contact	Contact direct	Contatto diretto	Contato direto	Direkter Kontakt
Cooperativas Campesinas	Farming Cooperatives	Coopératives paysannes	Cooperative contadine	Cooperativas camponesas	Bauerngenossenschaften
Copiloto Inteligente	Smart Copilot	Copilote intelligent	Copilota intelligente	Copiloto inteligente	Intelligenter Copilot
Correo electrónico para boletín	Email for newsletter	Adresse e-mail pour la newsletter	E-mail per la newsletter	E-mail para o boletim	E-Mail für den Newsletter
Correo Oficial:	Official email:	E-mail officiel :	E-mail ufficiale:	E-mail oficial:	Offizielle E-Mail:
Costa Caribe Norte (RACCN)	North Caribbean Coast (RACCN)	Côte caraïbe nord (RACCN)	Costa Caraibica Nord (RACCN)	Costa Caribenha Norte (RACCN)	Nördliche Karibikküste (RACCN)
Costa Caribe Sur (RACCS)	South Caribbean Coast (RACCS)	Côte caraïbe sud (RACCS)	Costa Caraibica Sud (RACCS)	Costa Caribenha Sul (RACCS)	Südliche Karibikküste (RACCS)
Decálogo Verde & Huella Cero	Green Decalogue & Zero Footprint	Décalogue vert et empreinte zéro	Decalogo verde e impronta zero	Decálogo verde e pegada zero	Grüne Grundsätze & Null-Fußabdruck
Departamento: Todos	Department: All	Département : tous	Dipartimento: tutti	Departamento: todos	Departamento: alle
Ej: Del Parque Central 2 c. al lago, frente a la ermita comunitaria	E.g. From the Central Park 2 blocks toward the lake, in front of the community chapel	Ex. : du parc central, 2 pâtés de maisons vers le lac, en face de l'ermitage communautaire	Es.: dal Parco Centrale 2 isolati verso il lago, di fronte alla cappella comunitaria	Ex.: do Parque Central 2 quadras em direção ao lago, em frente à ermida comunitária	z. B. vom Zentralpark 2 Blocks Richtung See, gegenüber der Gemeindekapelle
Ej: Lunes a Domingo, 7:00 AM - 9:00 PM	E.g. Monday to Sunday, 7:00 AM - 9:00 PM	Ex. : du lundi au dimanche, de 7 h à 21 h	Es.: dal lunedì alla domenica, dalle 7:00 alle 21:00	Ex.: de segunda a domingo, das 7h às 21h	z. B. Montag bis Sonntag, 7:00 bis 21:00 Uhr
Ej: María Hernández Gómez	E.g. María Hernández Gómez	Ex. : María Hernández Gómez	Es.: María Hernández Gómez	Ex.: María Hernández Gómez	z. B. María Hernández Gómez
Ej: San Juan del Sur, Somoto, Nagarote...	E.g. San Juan del Sur, Somoto, Nagarote...	Ex. : San Juan del Sur, Somoto, Nagarote...	Es.: San Juan del Sur, Somoto, Nagarote...	Ex.: San Juan del Sur, Somoto, Nagarote...	z. B. San Juan del Sur, Somoto, Nagarote...
Elegí el tipo de negocio…	Choose the type of business…	Choisissez le type d'entreprise…	Scegli il tipo di attività…	Escolha o tipo de negócio…	Geschäftsart wählen…
Elegí tu departamento…	Choose your department…	Choisissez votre département…	Scegli il tuo dipartimento…	Escolha seu departamento…	Wählen Sie Ihr Departamento…
Elegí una categoría oficial…	Choose an official category…	Choisissez une catégorie officielle…	Scegli una categoria ufficiale…	Escolha uma categoria oficial…	Offizielle Kategorie wählen…
Eliminar foto	Remove photo	Supprimer la photo	Rimuovi la foto	Remover foto	Foto entfernen
Facebook Oficial	Official Facebook	Facebook officiel	Facebook ufficiale	Facebook oficial	Offizielles Facebook
Formulario Oficial de Inscripción — Red de Anfitriones Baqueano	Official Registration Form — Baqueano Hosts Network	Formulaire officiel d'inscription — Réseau d'hôtes Baqueano	Modulo ufficiale di iscrizione — Rete di host Baqueano	Formulário oficial de inscrição — Rede de anfitriões Baqueano	Offizielles Anmeldeformular — Baqueano-Gastgebernetzwerk
Gastronomía Ancestral (Comedores, Baho, Quesillos)	Ancestral Cuisine (Eateries, Baho, Quesillos)	Gastronomie ancestrale (tables, baho, quesillos)	Gastronomia ancestrale (trattorie, baho, quesillos)	Gastronomia ancestral (comedores, baho, quesillos)	Traditionelle Küche (Speiselokale, Baho, Quesillos)
Geolocalización & Rutas	Geolocation & Routes	Géolocalisation et itinéraires	Geolocalizzazione e percorsi	Geolocalização e rotas	Geolokalisierung & Routen
Horario de Atención:	Opening hours:	Horaires d'ouverture :	Orari di apertura:	Horário de atendimento:	Öffnungszeiten:
Hospedajes Rurales & Cabañas	Rural Lodgings & Cabins	Hébergements ruraux et cabanes	Alloggi rurali e cabine	Hospedagens rurais e cabanas	Ländliche Unterkünfte & Hütten
Hostales de Aventura & Mochileros	Adventure Hostels & Backpackers	Auberges d'aventure et sac à dos	Ostelli d'avventura e zaino in spalla	Hostels de aventura e mochileiros	Abenteuerhostels & Rucksackreisende
Hoteles & Eco-Lodges	Hotels & Eco-Lodges	Hôtels et éco-lodges	Hotel ed eco-lodge	Hotéis e eco-lodges	Hotels & Öko-Lodges
Huella Cero & Decálogo	Zero Footprint & Decalogue	Empreinte zéro et décalogue	Impronta zero e decalogo	Pegada zero e decálogo	Null-Fußabdruck & Grundsätze
Idioma	Language	Langue	Lingua	Idioma	Sprache
INFORMACIÓN DE CONTACTO	CONTACT INFORMATION	COORDONNÉES	INFORMAZIONI DI CONTATTO	INFORMAÇÕES DE CONTATO	KONTAKTINFORMATIONEN
Inicio Institucional	Institutional Home	Accueil institutionnel	Home istituzionale	Início institucional	Offizielle Startseite
Instagram Oficial	Official Instagram	Instagram officiel	Instagram ufficiale	Instagram oficial	Offizielles Instagram
Itinerario Personal	Personal Itinerary	Itinéraire personnel	Itinerario personale	Roteiro pessoal	Persönlicher Reiseplan
Línea de Tiempo Patria y Raíces	Homeland and Roots Timeline	Chronologie de la patrie et des racines	Linea del tempo di patria e radici	Linha do tempo de pátria e raízes	Zeitleiste von Heimat und Wurzeln
Líneas de emergencia nacional y geolocalización satelital en sendero	National emergency lines and satellite geolocation on the trail	Lignes d'urgence nationales et géolocalisation par satellite sur le sentier	Linee di emergenza nazionali e geolocalizzazione satellitare sul sentiero	Linhas de emergência nacionais e geolocalização por satélite na trilha	Nationale Notrufnummern und Satellitenortung auf dem Pfad
Managua • 17 Departamentos, Nicaragua	Managua • 17 Departments, Nicaragua	Managua • 17 départements, Nicaragua	Managua • 17 dipartimenti, Nicaragua	Manágua • 17 departamentos, Nicarágua	Managua • 17 Departamentos, Nicaragua
Mapa Satelital HD	HD Satellite Map	Carte satellite HD	Mappa satellitare HD	Mapa de satélite HD	HD-Satellitenkarte
Marca & Manifiesto	Brand & Manifesto	Marque et manifeste	Marchio e manifesto	Marca e manifesto	Marke & Manifest
Mesa Baqueano	Baqueano Desk	Bureau Baqueano	Tavolo Baqueano	Mesa Baqueano	Baqueano-Beratung
Mesa de Enlace:	Liaison desk:	Bureau de liaison :	Tavolo di collegamento:	Mesa de ligação:	Verbindungsstelle:
Mi País	My Country	Mon pays	Il mio paese	Meu país	Mein Land
MÓDULOS WEB	WEB MODULES	MODULES WEB	MODULI WEB	MÓDULOS WEB	WEB-MODULE
Museo / Patrimonio Histórico	Museum / Historic heritage	Musée / Patrimoine historique	Museo / Patrimonio storico	Museu / Patrimônio histórico	Museum / Historisches Erbe
Museos, Cultura & Talleres	Museums, Culture & Workshops	Musées, culture et ateliers	Musei, cultura e laboratori	Museus, cultura e oficinas	Museen, Kultur & Werkstätten
Obteniendo señal GPS...	Getting GPS signal...	Acquisition du signal GPS...	Acquisizione del segnale GPS...	Obtendo sinal de GPS...	GPS-Signal wird gesucht...
Ocultar formulario	Hide form	Masquer le formulaire	Nascondi il modulo	Ocultar formulário	Formular ausblenden
Patrimonio Sonoro y Marimba	Sound Heritage and Marimba	Patrimoine sonore et marimba	Patrimonio sonoro e marimba	Patrimônio sonoro e marimba	Klangerbe und Marimba
Plataforma comunitaria para el ecoturismo responsable sin intermediarios foráneos. Conecta directamente con exploradores nacionales e internacionales que buscan autenticidad, gastronomía típica, senderos seguros y aventura soberana.	Community platform for responsible ecotourism without outside intermediaries. It connects you directly with national and international explorers looking for authenticity, traditional cuisine, safe trails and sovereign adventure.	Plateforme communautaire pour un écotourisme responsable sans intermédiaires extérieurs. Elle vous met directement en contact avec des explorateurs nationaux et internationaux en quête d'authenticité, de gastronomie typique, de sentiers sûrs et d'aventure souveraine.	Piattaforma comunitaria per un ecoturismo responsabile senza intermediari esterni. Ti mette in contatto diretto con esploratori nazionali e internazionali in cerca di autenticità, cucina tipica, sentieri sicuri e avventura sovrana.	Plataforma comunitária para o ecoturismo responsável sem intermediários externos. Conecta diretamente com exploradores nacionais e internacionais que buscam autenticidade, gastronomia típica, trilhas seguras e aventura soberana.	Gemeinschaftsplattform für verantwortungsvollen Ökotourismus ohne externe Vermittler. Sie verbindet Sie direkt mit nationalen und internationalen Entdeckern, die Authentizität, typische Küche, sichere Pfade und souveränes Abenteuer suchen.
Playas & Surf del Pacífico	Pacific Beaches & Surf	Plages et surf du Pacifique	Spiagge e surf del Pacifico	Praias e surfe do Pacífico	Strände & Surfen am Pazifik
Portal Soberano	Sovereign Portal	Portail souverain	Portale sovrano	Portal soberano	Souveränes Portal
Recibe avisos de nuevas cooperativas aliadas, frutos de temporada y rutas ecoturísticas protegidas sin intermediarios.	Get notices about new allied cooperatives, seasonal fruits and protected ecotourism routes without intermediaries.	Recevez des avis sur les nouvelles coopératives alliées, les fruits de saison et les itinéraires écotouristiques protégés, sans intermédiaires.	Ricevi avvisi su nuove cooperative alleate, frutti di stagione e percorsi ecoturistici protetti senza intermediari.	Receba avisos sobre novas cooperativas aliadas, frutas da estação e rotas ecoturísticas protegidas sem intermediários.	Erhalten Sie Hinweise zu neuen Partnergenossenschaften, Früchten der Saison und geschützten Ökotourismus-Routen ohne Zwischenhändler.
Registra tu Local, Hospedaje o Emprendimiento en Baqueano	Register your Venue, Lodging or Business on Baqueano	Inscrivez votre établissement, hébergement ou entreprise sur Baqueano	Registra il tuo locale, alloggio o impresa su Baqueano	Cadastre seu local, hospedagem ou empreendimento no Baqueano	Registrieren Sie Ihr Lokal, Ihre Unterkunft oder Ihr Unternehmen bei Baqueano
Ríos, Cascadas & Cañones	Rivers, Waterfalls & Canyons	Rivières, cascades et canyons	Fiumi, cascate e canyon	Rios, cachoeiras e cânions	Flüsse, Wasserfälle & Canyons
Sazón Campesino y Comida Ancestral	Farmhouse Flavor and Ancestral Food	Saveur paysanne et cuisine ancestrale	Sapori contadini e cucina ancestrale	Sabor camponês e comida ancestral	Bäuerliche Würze und traditionelle Küche
Sede Territorial:	Regional office:	Siège territorial :	Sede territoriale:	Sede territorial:	Regionalbüro:
Sobre BAQUEANO	About BAQUEANO	À propos de BAQUEANO	Su BAQUEANO	Sobre o BAQUEANO	Über BAQUEANO
Taller de Artesanías / Recuerdos	Crafts workshop / Souvenirs	Atelier d'artisanat / Souvenirs	Laboratorio artigianale / Souvenir	Oficina de artesanato / Lembranças	Kunsthandwerksatelier / Souvenirs
Tocá o arrastrá una foto de tu negocio (máx. 5 MB)	Tap or drag a photo of your business (max. 5 MB)	Touchez ou faites glisser une photo de votre entreprise (max. 5 Mo)	Tocca o trascina una foto della tua attività (max 5 MB)	Toque ou arraste uma foto do seu negócio (máx. 5 MB)	Tippen oder ziehen Sie ein Foto Ihres Unternehmens (max. 5 MB)
Transporte Turístico / Bote	Tourist transport / Boat	Transport touristique / Bateau	Trasporto turistico / Barca	Transporte turístico / Barco	Touristischer Transport / Boot
Tu correo electrónico	Your email	Votre adresse e-mail	La tua e-mail	Seu e-mail	Ihre E-Mail-Adresse
Tu ubicación GPS está activa para asistencia en ruta y enlace directo con autoridades de socorro.	Your GPS location is on for assistance along the route and a direct link with rescue authorities.	Votre position GPS est active pour l'assistance en route et le lien direct avec les secours.	La tua posizione GPS è attiva per l'assistenza lungo il percorso e il collegamento diretto con i soccorsi.	Sua localização GPS está ativa para assistência na rota e ligação direta com as autoridades de socorro.	Ihr GPS-Standort ist für Hilfe unterwegs und die direkte Verbindung zu den Rettungsdiensten aktiv.
turismo ético y trato justo	ethical tourism and fair treatment	tourisme éthique et traitement équitable	turismo etico e trattamento equo	turismo ético e tratamento justo	ethischer Tourismus und faire Behandlung
TUS COORDENADAS GPS:	YOUR GPS COORDINATES:	VOS COORDONNÉES GPS :	LE TUE COORDINATE GPS:	SUAS COORDENADAS GPS:	IHRE GPS-KOORDINATEN:
Vida Nocturna & Clubes de Playa	Nightlife & Beach Clubs	Vie nocturne et clubs de plage	Vita notturna e beach club	Vida noturna e clubes de praia	Nachtleben & Strandclubs
Vista previa de foto	Photo preview	Aperçu de la photo	Anteprima della foto	Pré-visualização da foto	Fotovorschau
Volcanes & Sandboarding	Volcanoes & Sandboarding	Volcans et sandboard	Vulcani e sandboard	Vulcões e sandboard	Vulkane & Sandboarding
Volver al inicio de Baqueano	Back to the Baqueano home page	Retour à l'accueil de Baqueano	Torna alla home di Baqueano	Voltar ao início do Baqueano	Zurück zur Baqueano-Startseite
¡Comienza la Aventura!	Start the Adventure!	Commencez l'aventure !	Inizia l'avventura!	Comece a aventura!	Das Abenteuer beginnt!
¿Tenés un negocio turístico?	Do you have a tourism business?	Avez-vous une entreprise touristique ?	Hai un'attività turistica?	Você tem um negócio turístico?	Haben Sie ein Tourismusunternehmen?
🌿 Naturaleza	🌿 Nature	🌿 Nature	🌿 Natura	🌿 Natureza	🌿 Natur
🏛️ Cultura	🏛️ Culture	🏛️ Culture	🏛️ Cultura	🏛️ Cultura	🏛️ Kultur
👨‍👩‍👧 Viajo con niños	👨‍👩‍👧 I'm traveling with kids	👨‍👩‍👧 Je voyage avec des enfants	👨‍👩‍👧 Viaggio con bambini	👨‍👩‍👧 Viajo com crianças	👨‍👩‍👧 Ich reise mit Kindern
🧗 Quiero aventura	🧗 I want adventure	🧗 Je veux de l'aventure	🧗 Voglio avventura	🧗 Quero aventura	🧗 Ich möchte Abenteuer
📍 Algo cerca	📍 Something nearby	📍 Quelque chose à proximité	📍 Qualcosa di vicino	📍 Algo por perto	📍 Etwas in der Nähe
📄 Versión:	📄 Version:	📄 Version :	📄 Versione:	📄 Versão:	📄 Version:
📅 Última actualización:	📅 Last updated:	📅 Dernière mise à jour :	📅 Ultimo aggiornamento:	📅 Última atualização:	📅 Zuletzt aktualisiert:
🛡️ LEGAL	🛡️ LEGAL	🛡️ MENTIONS LÉGALES	🛡️ NOTE LEGALI	🛡️ LEGAL	🛡️ RECHTLICHES
Auxilio SOS 24/7	SOS help 24/7	Aide SOS 24 h/24	Aiuto SOS 24/7	Ajuda SOS 24/7	SOS-Hilfe rund um die Uhr
Baqüi Asistente	Baqüi Assistant	Assistant Baqüi	Assistente Baqüi	Assistente Baqüi	Baqüi-Assistent
Buscar en la plataforma	Search the platform	Rechercher sur la plateforme	Cerca nella piattaforma	Buscar na plataforma	Auf der Plattform suchen
Caribe	Caribbean	Caraïbes	Caraibi	Caribe	Karibik
Centro de Auxilio SOS 24/7	SOS Help Center 24/7	Centre d'aide SOS 24 h/24	Centro di aiuto SOS 24/7	Centro de ajuda SOS 24/7	SOS-Hilfezentrum rund um die Uhr
Comando & Telemetría	Command & Telemetry	Commande et télémétrie	Comando e telemetria	Comando e telemetria	Steuerung & Telemetrie
Comida	Food	Cuisine	Cibo	Comida	Essen
Comunidades Vivas	Living Communities	Communautés vivantes	Comunità vive	Comunidades vivas	Lebendige Gemeinden
Conexión directa	Direct connection	Connexion directe	Connessione diretta	Conexão direta	Direkte Verbindung
Cooperativas	Cooperatives	Coopératives	Cooperative	Cooperativas	Genossenschaften
Correo Electrónico	Email	E-mail	E-mail	E-mail	E-Mail
Descarga directa del paquete firmado v1.0.0 (Versión Oficial) para tu smartphone Android.	Direct download of the signed v1.0.0 package (Official Version) for your Android smartphone.	Téléchargement direct du paquet signé v1.0.0 (version officielle) pour votre smartphone Android.	Download diretto del pacchetto firmato v1.0.0 (versione ufficiale) per il tuo smartphone Android.	Download direto do pacote assinado v1.0.0 (versão oficial) para seu smartphone Android.	Direkter Download des signierten Pakets v1.0.0 (offizielle Version) für Ihr Android-Smartphone.
Descarga el APK	Download the APK	Téléchargez l'APK	Scarica l'APK	Baixe o APK	APK herunterladen
Eco-Lodges	Eco-lodges	Éco-lodges	Eco-lodge	Eco-lodges	Öko-Lodges
Explorar territorios	Explore territories	Explorer les territoires	Esplora i territori	Explorar territórios	Gebiete entdecken
Favorito	Favorite	Favori	Preferito	Favorito	Favorit
Funciona con el chip GNSS de tu dispositivo, sin saldo.	Works with your device's GNSS chip, no credit needed.	Fonctionne avec la puce GNSS de votre appareil, sans crédit.	Funziona con il chip GNSS del tuo dispositivo, senza credito.	Funciona com o chip GNSS do seu dispositivo, sem saldo.	Funktioniert mit dem GNSS-Chip Ihres Geräts, ohne Guthaben.
Habilita Fuentes Desconocidas	Enable Unknown Sources	Activez les sources inconnues	Abilita le origini sconosciute	Ative as fontes desconhecidas	Unbekannte Quellen aktivieren
Hospedajes	Lodgings	Hébergements	Alloggi	Hospedagens	Unterkünfte
Hospedajes, restaurantes, guías y experiencias locales seleccionadas para este itinerario.	Lodgings, restaurants, guides and local experiences selected for this itinerary.	Hébergements, restaurants, guides et expériences locales sélectionnés pour cet itinéraire.	Alloggi, ristoranti, guide ed esperienze locali selezionati per questo itinerario.	Hospedagens, restaurantes, guias e experiências locais selecionados para este roteiro.	Unterkünfte, Restaurants, Guides und lokale Erlebnisse, die für diesen Reiseplan ausgewählt wurden.
Instalar Baqueano para Android	Install Baqueano for Android	Installer Baqueano pour Android	Installa Baqueano per Android	Instalar o Baqueano para Android	Baqueano für Android installieren
Ir a Inicio BAQUEANO	Go to BAQUEANO home	Aller à l'accueil BAQUEANO	Vai alla home di BAQUEANO	Ir para o início do BAQUEANO	Zur BAQUEANO-Startseite
Itinerario	Itinerary	Itinéraire	Itinerario	Roteiro	Reiseplan
Mapas y geolocalización	Maps and geolocation	Cartes et géolocalisation	Mappe e geolocalizzazione	Mapas e geolocalização	Karten und Geolokalisierung
Planificar con Baqueano Digital	Plan with Baqueano Digital	Planifier avec Baqueano Digital	Pianifica con Baqueano Digital	Planejar com o Baqueano Digital	Mit Baqueano Digital planen
Preferencias	Preferences	Préférences	Preferenze	Preferências	Präferenzen
Registrar mi negocio	Register my business	Inscrire mon entreprise	Registra la mia attività	Cadastrar meu negócio	Mein Unternehmen registrieren
Reservar todo	Book everything	Tout réserver	Prenota tutto	Reservar tudo	Alles buchen
Ríos y lagunas	Rivers and lagoons	Rivières et lagunes	Fiumi e lagune	Rios e lagoas	Flüsse und Lagunen
